{"cameraMode":{"drawMode":0,"name":"Shaded","section":"Shading Mode"},"sceneLighting":false,"audioPlay":false,"sceneViewState":{"showFog":true,"showMaterialUpdate":false,"showSkybox":false,"showFlares":true,"showImageEffects":true,"showParticleSystems":true,"showVisualEffectGraphs":true,"m_FxEnabled":true},"in2DMode":false,"pivot":{"x":0.45276379585266116,"y":-0.2289164811372757,"z":0.3083726167678833},"rotation":{"x":0.11661786586046219,"y":0.48215052485466006,"z":-0.06492816656827927,"w":0.8658465147018433},"size":0.8165050148963928,"orthographic":false}