{"cameraMode":{"drawMode":0,"name":"Shaded","section":"Shading Mode"},"sceneLighting":false,"audioPlay":false,"sceneViewState":{"showFog":true,"showMaterialUpdate":false,"showSkybox":false,"showFlares":true,"showImageEffects":true,"showParticleSystems":true,"showVisualEffectGraphs":true,"m_FxEnabled":true},"in2DMode":false,"pivot":{"x":2.0714540481567385,"y":0.004592745564877987,"z":-0.0478871688246727},"rotation":{"x":-0.0045955004170536999,"y":0.8658117651939392,"z":0.007951970212161541,"w":0.500300407409668},"size":1.3594250679016114,"orthographic":false}