{"cameraMode":{"drawMode":0,"name":"Shaded","section":"Shading Mode"},"sceneLighting":false,"audioPlay":false,"sceneViewState":{"showFog":true,"showMaterialUpdate":false,"showSkybox":false,"showFlares":true,"showImageEffects":true,"showParticleSystems":true,"showVisualEffectGraphs":true,"m_FxEnabled":true},"in2DMode":false,"pivot":{"x":0.008299373090267182,"y":0.009066231548786164,"z":0.03206930309534073},"rotation":{"x":0.009948511607944966,"y":0.9858657717704773,"z":0.15474161505699159,"w":-0.06337887793779373},"size":0.4532608389854431,"orthographic":false}