{"cameraMode":{"drawMode":0,"name":"Shaded","section":"Shading Mode"},"sceneLighting":false,"audioPlay":false,"sceneViewState":{"showFog":true,"showMaterialUpdate":false,"showSkybox":false,"showFlares":true,"showImageEffects":true,"showParticleSystems":true,"showVisualEffectGraphs":true,"m_FxEnabled":true},"in2DMode":false,"pivot":{"x":0.008299373090267182,"y":0.009066231548786164,"z":0.03206930309534073},"rotation":{"x":0.23548807203769685,"y":-0.723059356212616,"z":0.2939329743385315,"w":0.5791323781013489},"size":0.15326081216335298,"orthographic":false}