{"cameraMode":{"drawMode":0,"name":"Shaded","section":"Shading Mode"},"sceneLighting":false,"audioPlay":false,"sceneViewState":{"showFog":true,"showMaterialUpdate":false,"showSkybox":false,"showFlares":true,"showImageEffects":true,"showParticleSystems":true,"showVisualEffectGraphs":true,"m_FxEnabled":true},"in2DMode":false,"pivot":{"x":0.8123868703842163,"y":-0.48903486132621767,"z":-0.6690293550491333},"rotation":{"x":-0.025054672732949258,"y":-0.972672700881958,"z":0.19314949214458466,"w":-0.12686142325401307},"size":1.0567796230316163,"orthographic":false}