{"cameraMode":{"drawMode":0,"name":"Shaded","section":"Shading Mode"},"sceneLighting":false,"audioPlay":false,"sceneViewState":{"showFog":true,"showMaterialUpdate":false,"showSkybox":false,"showFlares":true,"showImageEffects":true,"showParticleSystems":true,"showVisualEffectGraphs":true,"m_FxEnabled":true},"in2DMode":false,"pivot":{"x":0.1888207644224167,"y":-0.20998486876487733,"z":0.6865924000740051},"rotation":{"x":0.08478064835071564,"y":0.6015329957008362,"z":-0.06443088501691818,"w":0.791749894618988},"size":0.7519482970237732,"orthographic":false}