{"cameraMode":{"drawMode":0,"name":"Shaded","section":"Shading Mode"},"sceneLighting":false,"audioPlay":false,"sceneViewState":{"showFog":true,"showMaterialUpdate":false,"showSkybox":false,"showFlares":true,"showImageEffects":true,"showParticleSystems":true,"showVisualEffectGraphs":true,"m_FxEnabled":true},"in2DMode":false,"pivot":{"x":-0.42994219064712527,"y":0.9085384011268616,"z":-4.004223346710205},"rotation":{"x":-0.0013094386085867882,"y":0.9955818057060242,"z":-0.0928570032119751,"w":-0.01404081005603075},"size":3.6073946952819826,"orthographic":false}