{"cameraMode":{"drawMode":0,"name":"Shaded","section":"Shading Mode"},"sceneLighting":false,"audioPlay":false,"sceneViewState":{"showFog":true,"showMaterialUpdate":false,"showSkybox":false,"showFlares":true,"showImageEffects":true,"showParticleSystems":true,"showVisualEffectGraphs":true,"m_FxEnabled":true},"in2DMode":false,"pivot":{"x":0.011512719094753266,"y":-0.007020860910415649,"z":-0.021057289093732835},"rotation":{"x":0.028890689834952356,"y":-0.09283751249313355,"z":-0.0025482280179858209,"w":-0.9953165650367737},"size":0.15677964687347413,"orthographic":false}