{"cameraMode":{"drawMode":0,"name":"Shaded","section":"Shading Mode"},"sceneLighting":false,"audioPlay":false,"sceneViewState":{"showFog":true,"showMaterialUpdate":false,"showSkybox":false,"showFlares":true,"showImageEffects":true,"showParticleSystems":true,"showVisualEffectGraphs":true,"m_FxEnabled":true},"in2DMode":false,"pivot":{"x":-0.002035856246948242,"y":4.0099077224731449,"z":-5.662441253662109e-7},"rotation":{"x":0.051861751824617389,"y":-0.5695160031318665,"z":0.03602149337530136,"w":0.819579541683197},"size":4.252472877502441,"orthographic":false}