{"cameraMode":{"drawMode":0,"name":"Shaded","section":"Shading Mode"},"sceneLighting":false,"audioPlay":false,"sceneViewState":{"showFog":true,"showMaterialUpdate":false,"showSkybox":false,"showFlares":true,"showImageEffects":true,"showParticleSystems":true,"showVisualEffectGraphs":true,"m_FxEnabled":true},"in2DMode":false,"pivot":{"x":1.3177436590194703,"y":-0.4785998463630676,"z":0.4861513078212738},"rotation":{"x":0.04936017468571663,"y":0.6964718103408814,"z":-0.04813549295067787,"w":0.7142519950866699},"size":1.5256333351135255,"orthographic":false}