{"cameraMode":{"drawMode":0,"name":"Shaded","section":"Shading Mode"},"sceneLighting":false,"audioPlay":false,"sceneViewState":{"showFog":true,"showMaterialUpdate":false,"showSkybox":false,"showFlares":true,"showImageEffects":true,"showParticleSystems":true,"showVisualEffectGraphs":true,"m_FxEnabled":true},"in2DMode":false,"pivot":{"x":0.26415255665779116,"y":2.2132222652435304,"z":0.11012522131204605},"rotation":{"x":0.11257883161306381,"y":-0.8655856251716614,"z":0.22508156299591065,"w":0.4329527020454407},"size":2.9857003688812258,"orthographic":true}