{"cameraMode":{"drawMode":0,"name":"Shaded","section":"Shading Mode"},"sceneLighting":false,"audioPlay":false,"sceneViewState":{"showFog":true,"showMaterialUpdate":false,"showSkybox":false,"showFlares":true,"showImageEffects":true,"showParticleSystems":true,"showVisualEffectGraphs":true,"m_FxEnabled":true},"in2DMode":false,"pivot":{"x":2.9270875453948976,"y":-0.7579301595687866,"z":0.008329575881361962},"rotation":{"x":0.06522249430418015,"y":0.7309806942939758,"z":-0.07056823372840882,"w":0.6755859851837158},"size":1.946765661239624,"orthographic":false}