{"cameraMode":{"drawMode":0,"name":"Shaded","section":"Shading Mode"},"sceneLighting":false,"audioPlay":false,"sceneViewState":{"showFog":true,"showMaterialUpdate":false,"showSkybox":false,"showFlares":true,"showImageEffects":true,"showParticleSystems":true,"showVisualEffectGraphs":true,"m_FxEnabled":true},"in2DMode":false,"pivot":{"x":-0.06917290389537811,"y":0.15277408063411714,"z":-0.04802172631025314},"rotation":{"x":0.15969248116016389,"y":0.4974314868450165,"z":-0.09372639656066895,"w":0.8475001454353333},"size":0.35638824105262759,"orthographic":false}