{"cameraMode":{"drawMode":0,"name":"Shaded","section":"Shading Mode"},"sceneLighting":false,"audioPlay":false,"sceneViewState":{"showFog":true,"showMaterialUpdate":false,"showSkybox":false,"showFlares":true,"showImageEffects":true,"showParticleSystems":true,"showVisualEffectGraphs":true,"m_FxEnabled":true},"in2DMode":false,"pivot":{"x":0.4364912807941437,"y":0.29427480697631838,"z":0.9909783601760864},"rotation":{"x":-0.027454253286123277,"y":0.8482173681259155,"z":-0.04418076202273369,"w":-0.5271129012107849},"size":0.35945239663124087,"orthographic":false}