{"cameraMode":{"drawMode":0,"name":"Shaded","section":"Shading Mode"},"sceneLighting":false,"audioPlay":false,"sceneViewState":{"showFog":true,"showMaterialUpdate":false,"showSkybox":false,"showFlares":true,"showImageEffects":true,"showParticleSystems":true,"showVisualEffectGraphs":true,"m_FxEnabled":true},"in2DMode":false,"pivot":{"x":-0.028790317475795747,"y":0.30771690607070925,"z":7.9056267738342289},"rotation":{"x":-0.005807972047477961,"y":-0.005659489426761866,"z":-0.007642855867743492,"w":0.9999669790267944},"size":4.327574253082275,"orthographic":false}