{"cameraMode":{"drawMode":0,"name":"Shaded","section":"Shading Mode"},"sceneLighting":false,"audioPlay":false,"sceneViewState":{"showFog":true,"showMaterialUpdate":false,"showSkybox":false,"showFlares":true,"showImageEffects":true,"showParticleSystems":true,"showVisualEffectGraphs":true,"m_FxEnabled":true},"in2DMode":false,"pivot":{"x":932.3735961914063,"y":517.5726928710938,"z":812.4388427734375},"rotation":{"x":-0.011811221949756146,"y":0.019769849255681039,"z":0.00021988908702041954,"w":0.9997462034225464},"size":933.902099609375,"orthographic":false}