{"cameraMode":{"drawMode":0,"name":"Shaded","section":"Shading Mode"},"sceneLighting":false,"audioPlay":false,"sceneViewState":{"showFog":true,"showMaterialUpdate":false,"showSkybox":false,"showFlares":true,"showImageEffects":true,"showParticleSystems":true,"showVisualEffectGraphs":true,"m_FxEnabled":true},"in2DMode":false,"pivot":{"x":0.3643333613872528,"y":-0.22071966528892518,"z":1.1072213649749756},"rotation":{"x":-0.027454253286123277,"y":0.8482173681259155,"z":-0.04418076202273369,"w":-0.5271129012107849},"size":0.9586683511734009,"orthographic":false}