{"cameraMode":{"drawMode":0,"name":"Shaded","section":"Shading Mode"},"sceneLighting":false,"audioPlay":false,"sceneViewState":{"showFog":true,"showMaterialUpdate":false,"showSkybox":false,"showFlares":true,"showImageEffects":true,"showParticleSystems":true,"showVisualEffectGraphs":true,"m_FxEnabled":true},"in2DMode":false,"pivot":{"x":0.24959449470043183,"y":-0.37630242109298708,"z":1.0884360074996949},"rotation":{"x":-0.08155889064073563,"y":-0.05196069926023483,"z":0.012405263260006905,"w":-0.9952495694160461},"size":0.8175955414772034,"orthographic":false}