{"cameraMode":{"drawMode":0,"name":"Shaded","section":"Shading Mode"},"sceneLighting":true,"audioPlay":false,"sceneViewState":{"showFog":true,"showMaterialUpdate":false,"showSkybox":true,"showFlares":true,"showImageEffects":true,"showParticleSystems":true,"showVisualEffectGraphs":true,"m_FxEnabled":true},"in2DMode":false,"pivot":{"x":69.0257339477539,"y":1.0284507274627686,"z":104.92568969726563},"rotation":{"x":0.21086665987968446,"y":-0.06210575997829437,"z":0.013425015844404698,"w":0.9754510521888733},"size":16.16286849975586,"orthographic":false}