{"cameraMode":{"drawMode":0,"name":"Shaded","section":"Shading Mode"},"sceneLighting":false,"audioPlay":false,"sceneViewState":{"showFog":true,"showMaterialUpdate":false,"showSkybox":false,"showFlares":true,"showImageEffects":true,"showParticleSystems":true,"showVisualEffectGraphs":true,"m_FxEnabled":true},"in2DMode":false,"pivot":{"x":1.0081714391708375,"y":-0.7071831822395325,"z":-2.138235092163086},"rotation":{"x":0.005628014449030161,"y":0.9890686869621277,"z":-0.03916018456220627,"w":0.14208410680294038},"size":1.8841495513916016,"orthographic":false}