{"cameraMode":{"drawMode":0,"name":"Shaded","section":"Shading Mode"},"sceneLighting":false,"audioPlay":false,"sceneViewState":{"showFog":true,"showMaterialUpdate":false,"showSkybox":false,"showFlares":true,"showImageEffects":true,"showParticleSystems":true,"showVisualEffectGraphs":true,"m_FxEnabled":true},"in2DMode":false,"pivot":{"x":-0.06411769241094589,"y":0.26181885600090029,"z":-0.1337396651506424},"rotation":{"x":0.21298553049564362,"y":0.3529340326786041,"z":-0.08284968137741089,"w":0.9073171019554138},"size":0.45942485332489016,"orthographic":false}