{"cameraMode":{"drawMode":0,"name":"Shaded","section":"Shading Mode"},"sceneLighting":false,"audioPlay":false,"sceneViewState":{"showFog":true,"showMaterialUpdate":false,"showSkybox":false,"showFlares":true,"showImageEffects":true,"showParticleSystems":true,"showVisualEffectGraphs":true,"m_FxEnabled":true},"in2DMode":false,"pivot":{"x":0.6474858522415161,"y":-0.6115307211875916,"z":1.3356109857559205},"rotation":{"x":0.13854515552520753,"y":0.3317703604698181,"z":-0.04932660609483719,"w":0.9318301677703857},"size":1.1175955533981324,"orthographic":false}